file_name,label,score
text1,joy,0.9656283855438232
text3,anger,0.9823558926582336
text2,grief,0.809184730052948
